{
  "project_info": {
    "project_number": "897526317286",
    "project_id": "mychatroom-cbab7",
    "storage_bucket": "mychatroom-cbab7.appspot.com"
  },
  "client": [
    {
      "client_info": {
        "mobilesdk_app_id": "1:897526317286:android:fdadc49402f453fc89bb27",
        "android_client_info": {
          "package_name": "com.mobdeve.tighee.mychatroomapp"
        }
      },
      "oauth_client": [
        {
          "client_id": "897526317286-6l6glaavsbf668g0rlitij5ubometjf4.apps.googleusercontent.com",
          "client_type": 3
        }
      ],
      "api_key": [
        {
          "current_key": "AIzaSyCakD4qG8dsEsqZkNIvvh-E7JUFkVg0PHk"
        }
      ],
      "services": {
        "appinvite_service": {
          "other_platform_oauth_client": [
            {
              "client_id": "897526317286-6l6glaavsbf668g0rlitij5ubometjf4.apps.googleusercontent.com",
              "client_type": 3
            }
          ]
        }
      }
    }
  ],
  "configuration_version": "1"
}