{
  "project_info": {
    "project_number": "1018984388210",
    "project_id": "fotostream-dd151",
    "storage_bucket": "fotostream-dd151.appspot.com"
  },
  "client": [
    {
      "client_info": {
        "mobilesdk_app_id": "1:1018984388210:android:83215f80ea82a9daf754eb",
        "android_client_info": {
          "package_name": "com.mobdeve.tighee.fotostreamapp"
        }
      },
      "oauth_client": [
        {
          "client_id": "1018984388210-hvqlj8rpu1sq3eccv15ii9h0omd12ko8.apps.googleusercontent.com",
          "client_type": 3
        }
      ],
      "api_key": [
        {
          "current_key": "AIzaSyD4jf6KifKoGb_yQBzXYbdmOpAyeqo4RxE"
        }
      ],
      "services": {
        "appinvite_service": {
          "other_platform_oauth_client": [
            {
              "client_id": "1018984388210-hvqlj8rpu1sq3eccv15ii9h0omd12ko8.apps.googleusercontent.com",
              "client_type": 3
            }
          ]
        }
      }
    }
  ],
  "configuration_version": "1"
}